{
  "type": "cards_yellow_nb_v1",
  "family": "nb",
  "card_type": "yellow",
  "mapping": {
    "kind": "glm",
    "home": {
      "intercept": 0.4459999946067992,
      "b1": 0.21642042242872592,
      "b2": 0.29229833938494804,
      "alpha": 0.001
    },
    "away": {
      "intercept": 0.6986749996218431,
      "b1": 0.0730219237121391,
      "b2": 0.03541859284829192,
      "alpha": 0.01
    },
    "scale": {
      "home": 0.9999971932135313,
      "away": 0.9999622984355238
    },
    "fallback_means": {
      "home": 2.0,
      "away": 1.8
    },
    "card_type": "yellow"
  },
  "mapping_kind": "glm",
  "dispersion": {
    "k_home_global": 1000.0,
    "k_away_global": 1000.0,
    "k_home_map": {
      "61-2020": 1000.0,
      "61-2021": 1000.0,
      "61-2022": 1000.0,
      "61-2023": 1000.0
    },
    "k_away_map": {
      "61-2020": 1000.0,
      "61-2021": 1000.0,
      "61-2022": 1000.0,
      "61-2023": 1000.0
    }
  },
  "lines": {
    "totals": [
      2.5,
      3.5,
      4.5,
      5.5
    ],
    "team": [
      1.5,
      2.5
    ],
    "handicap": [
      -1.5,
      -1.0,
      -0.5,
      0.0,
      0.5,
      1.0,
      1.5
    ]
  },
  "nmax": 15,
  "rho": -0.04212436543323603,
  "tau_raw": 0.03686537351135495,
  "totals_calibration": {
    "2.5": {
      "x": [
        0.7285000000080002,
        0.731360000016,
        0.7341600002790002,
        0.7531800001189999,
        0.75330000002,
        0.7749400002779999
      ],
      "y": [
        0.5,
        0.5,
        0.7688172043010753,
        0.7688172043010753,
        0.8165137614678899,
        0.8165137614678899
      ]
    },
    "3.5": {
      "x": [
        0.519880000008,
        0.524420000016,
        0.525200000012,
        0.537420000105,
        0.5376000001019999,
        0.5813200002779999
      ],
      "y": [
        0.5,
        0.5,
        0.5344827586206896,
        0.5344827586206896,
        0.5907172995780591,
        0.5907172995780591
      ]
    },
    "4.5": {
      "x": [
        0.3252600000079999,
        0.33526000003000006,
        0.3354400000290001,
        0.342900000262,
        0.342940000287,
        0.347920000035,
        0.34796000026500007,
        0.349320000229,
        0.34938000003999997,
        0.352040000053,
        0.3520800001749999,
        0.38262000027799997
      ],
      "y": [
        0.25806451612903225,
        0.25806451612903225,
        0.32432432432432434,
        0.32432432432432434,
        0.3541666666666667,
        0.3541666666666667,
        0.35714285714285715,
        0.35714285714285715,
        0.36666666666666664,
        0.36666666666666664,
        0.41,
        0.41
      ]
    },
    "5.5": {
      "x": [
        0.176640000016,
        0.17856000001000005,
        0.18024000012199998,
        0.18538000003,
        0.18552000017200002,
        0.188580000206,
        0.18860000003600003,
        0.192220000113,
        0.192220000208,
        0.19746000008199996,
        0.197520000195,
        0.222060000278
      ],
      "y": [
        0.0,
        0.0,
        0.11428571428571428,
        0.11428571428571428,
        0.15217391304347827,
        0.15217391304347827,
        0.17307692307692307,
        0.17307692307692307,
        0.20588235294117646,
        0.20588235294117646,
        0.22580645161290322,
        0.22580645161290322
      ]
    }
  },
  "team_calibration": {
    "home": {
      "1.5": {
        "x": [
          0.5158273198961222,
          0.519638494605069,
          0.5202917199881935,
          0.5411517755876346,
          0.5413564462863394,
          0.5673481092359077,
          0.568317799710405,
          0.5711720190282483
        ],
        "y": [
          0.0,
          0.0,
          0.5483870967741936,
          0.5483870967741936,
          0.6323529411764706,
          0.6323529411764706,
          0.75,
          0.75
        ]
      },
      "2.5": {
        "x": [
          0.2507843876406989,
          0.2546634589269842,
          0.25610865557817764,
          0.2657657791337572,
          0.2658038760138882,
          0.2758142278003256,
          0.2758919022322348,
          0.27875951967588897,
          0.2788395005388067,
          0.30123473505110004
        ],
        "y": [
          0.0,
          0.0,
          0.22077922077922077,
          0.22077922077922077,
          0.2818181818181818,
          0.2818181818181818,
          0.2962962962962963,
          0.2962962962962963,
          0.3,
          0.3
        ]
      }
    },
    "away": {
      "1.5": {
        "x": [
          0.6027479400005992,
          0.6038415620176933,
          0.6110847373353591,
          0.6111943459365871,
          0.6263130837404524
        ],
        "y": [
          0.0,
          0.6071428571428571,
          0.6071428571428571,
          0.6556603773584906,
          0.6556603773584906
        ]
      },
      "2.5": {
        "x": [
          0.33242324692936775,
          0.3336258631539079,
          0.33421137081787394,
          0.3402660939861366,
          0.34031590586445587,
          0.3405890619305154,
          0.34060666864284106,
          0.3527906775961634,
          0.35283513360518254,
          0.35691333733599956
        ],
        "y": [
          0.0,
          0.0,
          0.296875,
          0.296875,
          0.3333333333333333,
          0.3333333333333333,
          0.3476190476190476,
          0.3476190476190476,
          0.375,
          0.375
        ]
      }
    }
  },
  "mean_floor": 0.05,
  "training": {
    "leagues": [
      61
    ],
    "train_seasons": [
      2020,
      2021,
      2022,
      2023
    ],
    "val_seasons": [
      2024
    ],
    "test_seasons": [
      2025
    ],
    "borrowed_val_for_fit": false
  },
  "metrics": {
    "val": {
      "totals_logloss": 0.5857168127289006,
      "totals_brier": 0.19941331581616142
    }
  },
  "notes": "Cards (yellow/red/total) trained from MatchStats; GLM optional, safe constants fallback."
}