{
  "type": "htft",
  "goals_artifact_used": "artifacts/goals/artifacts.goals.json",
  "pi1_home": 0.3,
  "pi1_away": 0.3,
  "use_half_corr": false,
  "rho": 0.0,
  "bp_c": 0.0,
  "max_goals": 10,
  "calibration": {
    "ht_onextwo": {
      "home": {
        "x": [
          0.11888189394258367,
          0.12772621566255396,
          0.12904918733248202,
          0.1711243514812682,
          0.17126715436255072,
          0.20783222355339828,
          0.20791190779239208,
          0.235786468208067,
          0.2359694598333256,
          0.2532099475638159,
          0.253255601262215,
          0.2614895569289262,
          0.2626772755408478,
          0.26939834087532316,
          0.2696290911202491,
          0.35341712697768113,
          0.36044227651586863,
          0.3648827342714271,
          0.36878208938858487,
          0.4026805678112846,
          0.41521140718779315,
          0.4176635961080042
        ],
        "y": [
          0.0,
          0.0,
          0.16,
          0.16,
          0.22535211267605634,
          0.22535211267605634,
          0.28,
          0.28,
          0.3488372093023256,
          0.3488372093023256,
          0.375,
          0.375,
          0.4166666666666667,
          0.4166666666666667,
          0.48,
          0.48,
          0.5,
          0.5,
          0.5555555555555556,
          0.5555555555555556,
          1.0,
          1.0
        ]
      },
      "draw": {
        "x": [
          0.4588252095324024,
          0.46762819402457223,
          0.46898978259561824,
          0.47836600344173097,
          0.47844418324842725,
          0.5223086694911885,
          0.5224467240757457,
          0.5321754364157899,
          0.5323052650234724,
          0.5370238886578428
        ],
        "y": [
          0.0,
          0.0,
          0.25,
          0.25,
          0.33684210526315783,
          0.33684210526315783,
          0.42574257425742573,
          0.42574257425742573,
          0.75,
          0.75
        ]
      },
      "away": {
        "x": [
          0.11736645452509037,
          0.14963359505300552,
          0.15200336052615493,
          0.2039617838286484,
          0.20398995290934327,
          0.20668116614973325,
          0.20700144286197975,
          0.22691532114576696,
          0.22773853238629221,
          0.2357676509512244,
          0.23620292061740872,
          0.24841238644286204,
          0.24860539118895827,
          0.26924179215815686,
          0.2702550132855547,
          0.32585962935935836,
          0.32608616636757254,
          0.40093903668620867,
          0.40464559031287395,
          0.42229289652501406
        ],
        "y": [
          0.0,
          0.0,
          0.11764705882352941,
          0.11764705882352941,
          0.14285714285714285,
          0.14285714285714285,
          0.21212121212121213,
          0.21212121212121213,
          0.2857142857142857,
          0.2857142857142857,
          0.3142857142857143,
          0.3142857142857143,
          0.3448275862068966,
          0.3448275862068966,
          0.4473684210526316,
          0.4473684210526316,
          0.45454545454545453,
          0.45454545454545453,
          1.0,
          1.0
        ]
      }
    },
    "gbh": {
      "gbh": {
        "x": [
          0.44303551095229227,
          0.4518786492600624,
          0.4519070872318235,
          0.467238439740152,
          0.46734706954866917,
          0.46906854723356506,
          0.46933177006296833,
          0.47245360110658813,
          0.4726230865572932,
          0.4738485268414187,
          0.4741981014729072,
          0.4945429711562098,
          0.4955513560164879,
          0.5205567080470526,
          0.520685571524466,
          0.5326319817502875,
          0.5326838354480303,
          0.5440067173894182
        ],
        "y": [
          0.46153846153846156,
          0.46153846153846156,
          0.5420560747663551,
          0.5420560747663551,
          0.6,
          0.6,
          0.65,
          0.65,
          0.7,
          0.7,
          0.7040816326530612,
          0.7040816326530612,
          0.7142857142857143,
          0.7142857142857143,
          0.8333333333333334,
          0.8333333333333334,
          1.0,
          1.0
        ]
      }
    }
  },
  "metrics": {
    "val_ht_1x2_logloss": 1.0059713374666226,
    "val_ht_1x2_brier_macro": 0.2044841141722249,
    "val_gbh_logloss": 0.6333689887646593,
    "val_gbh_brier": 0.2221950477839282,
    "test_ht_1x2_logloss": 0.5924746524121477,
    "test_ht_1x2_brier_macro": 0.10202995562751253,
    "test_gbh_logloss": 0.6543425979046478,
    "test_gbh_brier": 0.22999659081272358
  }
}