{
  "feature_names": [
    "team_gf",
    "team_ga",
    "team_cs",
    "team_shots",
    "team_sot",
    "team_shots_in_box",
    "team_xg",
    "team_conv",
    "team_sot_pct",
    "team_poss",
    "team_corners",
    "team_cards",
    "opp_gf",
    "opp_ga",
    "opp_cs",
    "opp_shots",
    "opp_sot",
    "opp_shots_in_box",
    "opp_xg",
    "opp_conv",
    "opp_sot_pct",
    "opp_poss",
    "opp_corners",
    "opp_cards",
    "teamdrv_xg_per_shot",
    "teamdrv_sot_rate",
    "teamdrv_box_share",
    "teamdrv_save_rate",
    "teamdrv_xg_diff",
    "oppdrv_xg_per_shot",
    "oppdrv_sot_rate",
    "oppdrv_box_share",
    "oppdrv_save_rate",
    "oppdrv_xg_diff",
    "team_allowed_shots_allowed",
    "team_allowed_sot_allowed",
    "team_allowed_shots_in_box_allowed",
    "team_allowed_xga",
    "opp_allowed_shots_allowed",
    "opp_allowed_sot_allowed",
    "opp_allowed_shots_in_box_allowed",
    "opp_allowed_xga",
    "home_xgps_minus_away_sot_allow_rate",
    "away_xgps_minus_home_sot_allow_rate",
    "h_rest_days",
    "a_rest_days",
    "h_matches_14d",
    "a_matches_14d",
    "h_matches_7d",
    "a_matches_7d"
  ],
  "kept_feature_idx": [
    0,
    1,
    2,
    3,
    4,
    5,
    6,
    7,
    8,
    9,
    10,
    11,
    12,
    13,
    14,
    15,
    16,
    17,
    18,
    19,
    20,
    21,
    22,
    23,
    24,
    25,
    26,
    27,
    28,
    29,
    30,
    31,
    32,
    33,
    34,
    35,
    36,
    37,
    38,
    39,
    40,
    41,
    42,
    43,
    44,
    45,
    46,
    47,
    48,
    49
  ],
  "scaler_mean": [
    1.4086455525660857,
    1.407577233093161,
    0.2607527934419382,
    12.450846288262753,
    4.37682652268092,
    8.149860719507101,
    0.5445753698935529,
    0.10932663936247378,
    0.3405546306279525,
    0.48723737077067664,
    5.039679288374752,
    0.3287131223462595,
    1.4086455525660857,
    1.407577233093161,
    0.2607527934419382,
    12.450846288262753,
    4.37682652268092,
    8.149860719507101,
    0.5445753698935529,
    0.10932663936247378,
    0.3405546306279525,
    0.48723737077067664,
    5.039679288374752,
    0.3287131223462595,
    0.040511000702307565,
    0.34184589880923605,
    0.6287062510509244,
    0.6532371921602296,
    0.024666450459551275,
    0.040511000702307565,
    0.34184589880923605,
    0.6287062510509244,
    0.6532371921602296,
    0.024666450459551275,
    12.4189219141604,
    4.356496188387636,
    8.14172840956558,
    0.5199089194340017,
    12.4189219141604,
    4.356496188387636,
    8.14172840956558,
    0.5199089194340017,
    0.0,
    0.0,
    7.035526315789474,
    7.092763157894737,
    1.7098684210526316,
    1.7098684210526316,
    0.6756578947368421,
    0.6684210526315789
  ],
  "scaler_scale": [
    0.47272070278374556,
    0.43186467757599073,
    0.191760523028557,
    2.8235867779727024,
    1.105645248672807,
    2.5938548822945635,
    0.7017866576641353,
    0.04508080342626957,
    0.08063091243204203,
    0.11851498230500657,
    1.2069114645093908,
    0.2876723274036196,
    0.47272070278374556,
    0.43186467757599073,
    0.191760523028557,
    2.8235867779727024,
    1.105645248672807,
    2.5938548822945635,
    0.7017866576641353,
    0.04508080342626957,
    0.08063091243204203,
    0.11851498230500657,
    1.2069114645093908,
    0.2876723274036196,
    0.05043049607981652,
    0.06535829694382612,
    0.13793472287777406,
    0.14844747041852666,
    0.38293418664249645,
    0.05043049607981652,
    0.06535829694382612,
    0.13793472287777406,
    0.14844747041852666,
    0.38293418664249645,
    3.6613722148590826,
    1.461895935320303,
    2.518588001613533,
    0.7609831386432755,
    3.6613722148590826,
    1.461895935320303,
    2.518588001613533,
    0.7609831386432755,
    0.3164298934198644,
    0.3159673989139067,
    4.9505503135714335,
    4.964341292681397,
    0.8595638328169588,
    0.8541893562736492,
    0.6097342724203626,
    0.5932094966579748
  ],
  "poisson_coef": [
    0.03726270087233706,
    -0.019237206422033325,
    0.012178191537452362,
    0.02746259873335957,
    0.033765246768665075,
    0.037492866826206075,
    0.011694576739888489,
    0.02100882607151704,
    -0.0008993028320313138,
    0.03702227765456287,
    0.01770384193063764,
    -0.003334262414717317,
    -0.016694546738170567,
    0.012271441801888324,
    -0.015043555169573092,
    -0.016314115896074018,
    -0.015138595481733375,
    -0.021749931643536523,
    0.004532555316381862,
    -0.009188289495939535,
    -0.001467191907180721,
    -0.028672780850913432,
    -0.015827475450085088,
    0.004846303744259406,
    0.00976869787513662,
    -0.005875993042128895,
    0.008490088161820085,
    -0.011866531282570156,
    -0.005293079110230746,
    0.008735659882909013,
    -0.009397439595802227,
    -0.024418438251957657,
    -0.012487001205960364,
    -0.017316147113576784,
    -0.0330784387320297,
    -0.023938451586791497,
    -0.02426723913519577,
    0.013448391097389416,
    0.03239126414344273,
    0.01476169441806763,
    0.02371433207527565,
    0.01289362544139135,
    -0.029485270857889757,
    -0.03352859843535276,
    0.008577071337206052,
    0.002107041593954876,
    0.003932675714770762,
    -0.007176468169505258,
    -0.015261308339866834,
    0.002542523111645873
  ],
  "poisson_intercept": 0.3390083313838254,
  "bp_c": 0.0,
  "max_goals": 10,
  "onextwo_cal": {
    "home": {
      "x": [
        0.12725251731353596,
        0.14294468359227414,
        0.14601066033991075,
        0.23358715347455092,
        0.2342067498853412,
        0.29370579312234374,
        0.2939559142652133,
        0.2993711444318325,
        0.3009134391407077,
        0.3401594517903083,
        0.3405184459249249,
        0.41689194665058626,
        0.4192291103678416,
        0.5071514817463633,
        0.5081813274783916,
        0.6047503638908968,
        0.6055567381777209,
        0.6865424913210407,
        0.6899893632789058,
        0.7756791134296501,
        0.7823183478597898,
        0.859452568434539
      ],
      "y": [
        0.0,
        0.0,
        0.11764705882352941,
        0.11764705882352941,
        0.1282051282051282,
        0.1282051282051282,
        0.14285714285714285,
        0.14285714285714285,
        0.40625,
        0.40625,
        0.4155844155844156,
        0.4155844155844156,
        0.46987951807228917,
        0.46987951807228917,
        0.5357142857142858,
        0.5357142857142858,
        0.6666666666666666,
        0.6666666666666666,
        0.7272727272727273,
        0.7272727272727273,
        1.0,
        1.0
      ]
    },
    "draw": {
      "x": [
        0.09298358280302657,
        0.156081371844625,
        0.15730731005241666,
        0.17498151750614052,
        0.17588004323650872,
        0.2323576556792809,
        0.2324019218777698,
        0.252727794013416
      ],
      "y": [
        0.0,
        0.0,
        0.16666666666666666,
        0.16666666666666666,
        0.2430939226519337,
        0.2430939226519337,
        0.2611111111111111,
        0.2611111111111111
      ]
    },
    "away": {
      "x": [
        0.04756384876243436,
        0.08531173092396303,
        0.08875645174375917,
        0.1532011176818281,
        0.15387316361004758,
        0.17684581555111079,
        0.17815780150405686,
        0.20047237715395744,
        0.20092483600355093,
        0.22256262408483482,
        0.22285295534986332,
        0.27652491903876986,
        0.2765860964037164,
        0.34580728156425106,
        0.3472828546153031,
        0.36055306296524847,
        0.36107971885431434,
        0.4151939795640523,
        0.41569879915655206,
        0.45706374516854503,
        0.45804588887580056,
        0.5185785286720838,
        0.5192957743553526,
        0.6772843101345747,
        0.6876483774575886,
        0.6962576590054054,
        0.6970069710707295,
        0.7051044760053335
      ],