{
  "train": {
    "mean_y_total": 2.911184210526316,
    "mean_mu_total": 2.911184373715805,
    "rmse_total": 1.6857915769848302,
    "corr_total": 0.2030226529631312,
    "mean_y_home": 1.575,
    "mean_mu_home": 1.5218671733529456,
    "rmse_home": 1.2684196229608153,
    "corr_home": 0.37780829401323496,
    "mean_y_away": 1.3361842105263158,
    "mean_mu_away": 1.3893172003628589,
    "rmse_away": 1.1816861683018414,
    "corr_away": 0.32198426398612934
  },
  "val": {
    "mean_y_total": 2.9342105263157894,
    "mean_mu_total": 3.1165878729159346,
    "rmse_total": 1.6284999271757272,
    "corr_total": 0.03155117760070935,
    "mean_y_home": 1.513157894736842,
    "mean_mu_home": 1.6391215486877435,
    "rmse_home": 1.2329338968795087,
    "corr_home": 0.278608833724127,
    "mean_y_away": 1.4210526315789473,
    "mean_mu_away": 1.4774663242281914,
    "rmse_away": 1.1388731828624976,
    "corr_away": 0.2901064631287155
  },
  "test": {
    "mean_y_total": 2.425,
    "mean_mu_total": 2.9732154189283486,
    "rmse_total": 1.7793473712212273,
    "corr_total": -0.09631476272873714,
    "mean_y_home": 1.375,
    "mean_mu_home": 1.4850218295920643,
    "rmse_home": 1.350331028512983,
    "corr_home": -0.14952854140917524,
    "mean_y_away": 1.05,
    "mean_mu_away": 1.488193589336284,
    "rmse_away": 1.4326238397102233,
    "corr_away": -0.0843826188188501
  }
}