{
  "type": "cards_yellow_nb_v1",
  "family": "nb",
  "card_type": "yellow",
  "mapping": {
    "kind": "glm",
    "home": {
      "intercept": 0.574242861178678,
      "b1": -0.1477390992728088,
      "b2": 0.3700193386856215,
      "alpha": 0.01
    },
    "away": {
      "intercept": 0.38135747358902766,
      "b1": 0.28105918759871085,
      "b2": 0.6909659852238804,
      "alpha": 0.001
    },
    "scale": {
      "home": 0.9999974355155169,
      "away": 0.9999999599574781
    },
    "fallback_means": {
      "home": 2.0,
      "away": 1.8
    },
    "card_type": "yellow"
  },
  "mapping_kind": "glm",
  "dispersion": {
    "k_home_global": 1000.0,
    "k_away_global": 1000.0,
    "k_home_map": {
      "39-2021": 1000.0,
      "39-2022": 1000.0,
      "39-2023": 290.1338944666171
    },
    "k_away_map": {
      "39-2021": 1000.0,
      "39-2022": 1000.0,
      "39-2023": 1000.0
    }
  },
  "lines": {
    "totals": [
      3.5,
      4.5,
      5.5
    ],
    "team": [
      1.5,
      2.5
    ],
    "handicap": [
      -1.5,
      -1.0,
      -0.5,
      0.0,
      0.5,
      1.0,
      1.5
    ]
  },
  "nmax": 15,
  "rho": 0.011386439823564146,
  "tau_raw": 0.0710582657369596,
  "totals_calibration": {
    "3.5": {
      "x": [
        0.5347000000100001,
        0.5526500000050001,
        0.552850000018,
        0.5712500003379999,
        0.5722500002169999,
        0.5925000002759998,
        0.592650000149,
        0.607550000033,
        0.6075500000549999,
        0.613450000155,
        0.613500000144,
        0.6322500002329999,
        0.6323000001529998,
        0.6411000002410001,
        0.644350000114
      ],
      "y": [
        0.0,
        0.0,
        0.56,
        0.56,
        0.6268656716417911,
        0.6268656716417911,
        0.6306306306306306,
        0.6306306306306306,
        0.7027027027027027,
        0.7027027027027027,
        0.7083333333333334,
        0.7083333333333334,
        0.75,
        0.75,
        1.0
      ]
    },
    "4.5": {
      "x": [
        0.34070000001,
        0.35765000000499997,
        0.35780000001799994,
        0.36145000000399996,
        0.362000000178,
        0.37610000014,
        0.376250000053,
        0.400550000131,
        0.400600000264,
        0.4092500001570001,
        0.40945000009899996,
        0.412300000186,
        0.412350000206,
        0.44195000006799995,
        0.448750000114,
        0.45205000024099995
      ],
      "y": [
        0.0,
        0.0,
        0.25,
        0.25,
        0.38095238095238093,
        0.38095238095238093,
        0.4068965517241379,
        0.4068965517241379,
        0.43661971830985913,
        0.43661971830985913,
        0.48,
        0.48,
        0.4891304347826087,
        0.4891304347826087,
        0.6666666666666666,
        0.6666666666666666
      ]
    },
    "5.5": {
      "x": [
        0.18995000001,
        0.20755000000399998,
        0.209750000007,
        0.211200000009,
        0.21275000002299999,
        0.21890000027099998,
        0.21920000005,
        0.25325000011099996,
        0.25325000019599997,
        0.2746000001529999,
        0.277950000032,
        0.286200000241
      ],
      "y": [
        0.0,
        0.0,
        0.14285714285714285,
        0.14285714285714285,
        0.18181818181818182,
        0.18181818181818182,
        0.27586206896551724,
        0.27586206896551724,
        0.2876712328767123,
        0.2876712328767123,
        0.5,
        0.5
      ]
    }
  },
  "team_calibration": {
    "home": {
      "1.5": {
        "x": [
          0.4437381512944575,
          0.477844646560383,
          0.48009591350457426,
          0.48146204534182013,
          0.5470921859088991,
          0.5476490909736805,
          0.5532053052603815,
          0.5532649296764909,
          0.5615987172358788,
          0.5616211093209033,
          0.5775570321685669,
          0.5782745069952304,
          0.6087613430789913,
          0.6088244732429074,
          0.6299074994048276,
          0.6316078996780318,
          0.6560862686288099,
          0.65635394984859,
          0.6747000143096944
        ],
        "y": [
          0.0,
          0.5,
          0.5,
          0.5050505050505051,
          0.5050505050505051,
          0.5769230769230769,
          0.5769230769230769,
          0.5862068965517241,
          0.5862068965517241,
          0.6164383561643836,
          0.6164383561643836,
          0.6853932584269663,
          0.6853932584269663,
          0.7096774193548387,
          0.7096774193548387,
          0.7272727272727273,
          0.7272727272727273,
          1.0,
          1.0
        ]
      },
      "2.5": {
        "x": [
          0.19251663234546323,
          0.22360299097843186,
          0.22360592608221402,
          0.2648863075725265,
          0.26526554780168987,
          0.2843395513351572,
          0.28458315895767056,
          0.3095233153712943,
          0.309562626932344,
          0.36668017762694705,
          0.36843119432348914,
          0.38972543955738764,
          0.4106889049614665
        ],
        "y": [
          0.0,
          0.0,
          0.23076923076923078,
          0.23076923076923078,
          0.3194444444444444,
          0.3194444444444444,
          0.32432432432432434,
          0.32432432432432434,
          0.327433628318584,
          0.327433628318584,
          0.4444444444444444,
          0.4444444444444444,
          1.0
        ]
      }
    },
    "away": {
      "1.5": {
        "x": [
          0.5632949286656227,
          0.5810909396789748,
          0.5876678169001088,
          0.6110404510959809,
          0.6115161881140536,
          0.6171677029664496,
          0.6171683983901536,
          0.6329186153854225,
          0.6333171643600644,
          0.638527033055902,
          0.6391467408462785,
          0.6416403377059622,
          0.6417139506313431,
          0.6671315755595537,
          0.6673696269534117,
          0.6793570131006387,
          0.6794915900063184,
          0.7307320426087207,
          0.7315307599652104,
          0.7632388057739069
        ],
        "y": [
          0.0,
          0.0,
          0.41935483870967744,
          0.41935483870967744,
          0.4666666666666667,
          0.4666666666666667,
          0.6304347826086957,
          0.6304347826086957,
          0.65,
          0.65,
          0.7,
          0.7,
          0.7129629629629629,
          0.7129629629629629,
          0.7142857142857143,
          0.7142857142857143,
          0.8243243243243245,
          0.8243243243243245,
          1.0,
          1.0
        ]
      },
      "2.5": {
        "x": [
          0.29373370818964867,
          0.31760044669548043,
          0.3178466777584851,
          0.3472821290867932,
          0.34728285527973646,
          0.3708574343561027,
          0.37122524124611844,
          0.37350581272522965,
          0.3741867494630855,
          0.4162845140539504,
          0.4163830532774883,
          0.4832913882987071,
          0.4850822416782971,
          0.5229696792837973
        ],
        "y": [
          0.0,
          0.0,
          0.25,
          0.25,
          0.39705882352941174,
          0.39705882352941174,
          0.4444444444444444,
          0.4444444444444444,
          0.45222929936305734,
          0.45222929936305734,
          0.56,
          0.56,
          0.6666666666666666,
          0.6666666666666666
        ]
      }
    }
  },
  "mean_floor": 0.05,
  "training": {
    "leagues": [
      39
    ],
    "train_seasons": [
      2021,
      2022,
      2023
    ],
    "val_seasons": [
      2024
    ],
    "test_seasons": [
      2025
    ],
    "borrowed_val_for_fit": false
  },
  "metrics": {
    "val": {
      "totals_logloss": 0.6433623019785112,
      "totals_brier": 0.22571620542240584
    }
  },