{
  "type": "corners_nb_v2",
  "family": "nb",
  "mapping": {
    "kind": "glm",
    "home": {
      "intercept": -Infinity,
      "b1": 0.0,
      "b2": 0.0,
      "alpha": 1e-06
    },
    "away": {
      "intercept": 1.2772724885238427,
      "b1": -0.03007028759952313,
      "b2": 0.5178691287598425,
      "alpha": 0.001
    },
    "scale": {
      "home": 1.0,
      "away": 1.0
    },
    "fallback_means": {
      "home": 5.2,
      "away": 4.8
    }
  },
  "mapping_kind": "glm",
  "dispersion": {
    "k_home_global": 1000.0,
    "k_away_global": 1000.0,
    "k_home_map": {
      "61-2020": 1000.0,
      "61-2021": 1000.0,
      "61-2022": 1000.0,
      "61-2023": 1000.0
    },
    "k_away_map": {
      "61-2020": 1000.0,
      "61-2021": 1000.0,
      "61-2022": 1000.0,
      "61-2023": 1000.0
    }
  },
  "lines": {
    "totals": [
      8.5,
      9.5
    ],
    "team": [
      3.5,
      4.5
    ],
    "handicap": [
      -1.5,
      -1.0,
      -0.5,
      0.0,
      0.5,
      1.0,
      1.5
    ]
  },
  "nmax": 30,
  "rho": -0.25,
  "tau_raw": null,
  "totals_calibration": {},
  "team_calibration": {
    "home": {},
    "away": {
      "3.5": {
        "x": [
          0.3909319760378967,
          0.4292729039379221,
          0.446310214559875,
          0.45346019633996965,
          0.45494636796664084,
          0.47319315449321525,
          0.47644396081002244,
          0.5168867008983736,
          0.5175745005710295,
          0.519780837387243,
          0.5201871291333355,
          0.5387471501072278,
          0.5403695990696115,
          0.6127530386030426,
          0.6130368610931946,
          0.6168217521370016,
          0.6173095044529563,
          0.72237579434092,
          0.7250166474603532,
          0.7827926725320541,
          0.789251441032458,
          0.8005221333604349
        ],
        "y": [
          0.3333333333333333,
          0.3333333333333333,
          0.5,
          0.5,
          0.6,
          0.6,
          0.6216216216216216,
          0.6216216216216216,
          0.6666666666666666,
          0.6666666666666666,
          0.6785714285714286,
          0.6785714285714286,
          0.69,
          0.69,
          0.8,
          0.8,
          0.9340659340659341,
          0.9340659340659341,
          0.9444444444444444,
          0.9444444444444444,
          1.0,
          1.0
        ]
      },
      "4.5": {
        "x": [
          0.2144524849430946,
          0.28643452512010487,
          0.2870190597689096,
          0.29182332457034754,
          0.29293124219564026,
          0.3138550874081842,
          0.3141381999216494,
          0.3831272369307616,
          0.3842904487170304,
          0.42549973681175757,
          0.42853462669752024,
          0.4403534252086242,
          0.44060562745599774,
          0.49935495715370437,
          0.5018197317684757,
          0.5108289138981721,
          0.5165091177051494,
          0.5492310657797285,
          0.5562825706528637,
          0.6305584200454246,
          0.6426477845608023,
          0.6459681925633893
        ],
        "y": [
          0.0,
          0.0,
          0.125,
          0.125,
          0.15789473684210525,
          0.15789473684210525,
          0.17582417582417584,
          0.17582417582417584,
          0.20634920634920634,
          0.20634920634920634,
          0.375,
          0.375,
          0.46153846153846156,
          0.46153846153846156,
          0.5,
          0.5,
          0.6666666666666666,
          0.6666666666666666,
          0.8,
          0.8,
          1.0,
          1.0
        ]
      }
    }
  },
  "mean_floor": 0.8,
  "training": {
    "leagues": [
      61
    ],
    "train_seasons": [
      2020,
      2021,
      2022,
      2023
    ],
    "val_seasons": [
      2024
    ],
    "test_seasons": [
      2025
    ]
  },
  "metrics": {
    "val": {
      "totals_logloss": 0.040856233349841474,
      "totals_brier": 0.0023703633806818167
    }
  },
  "notes": "Robust mapping with CV Poisson or tuned heuristic; grouped NB dispersion with shrinkage; copula correlation with data-driven init; isotonic calibration for totals and team totals; fixture-weighted validation objective."
}