{
  "feature_names": [
    "team_gf",
    "team_ga",
    "team_cs",
    "team_shots",
    "team_sot",
    "team_shots_in_box",
    "team_xg",
    "team_conv",
    "team_sot_pct",
    "team_poss",
    "team_corners",
    "team_cards",
    "opp_gf",
    "opp_ga",
    "opp_cs",
    "opp_shots",
    "opp_sot",
    "opp_shots_in_box",
    "opp_xg",
    "opp_conv",
    "opp_sot_pct",
    "opp_poss",
    "opp_corners",
    "opp_cards",
    "teamdrv_xg_per_shot",
    "teamdrv_sot_rate",
    "teamdrv_box_share",
    "teamdrv_save_rate",
    "teamdrv_xg_diff",
    "oppdrv_xg_per_shot",
    "oppdrv_sot_rate",
    "oppdrv_box_share",
    "oppdrv_save_rate",
    "oppdrv_xg_diff",
    "team_allowed_shots_allowed",
    "team_allowed_sot_allowed",
    "team_allowed_shots_in_box_allowed",
    "team_allowed_xga",
    "opp_allowed_shots_allowed",
    "opp_allowed_sot_allowed",
    "opp_allowed_shots_in_box_allowed",
    "opp_allowed_xga",
    "home_xgps_minus_away_sot_allow_rate",
    "away_xgps_minus_home_sot_allow_rate",
    "h_rest_days",
    "a_rest_days",
    "h_matches_14d",
    "a_matches_14d",
    "h_matches_7d",
    "a_matches_7d"
  ],
  "scaler_mean": [
    1.3412557665398548,
    1.3392184835366652,
    0.2513211115483858,
    11.775631859722782,
    4.198822778652313,
    7.471319389785292,
    0.4140035241484097,
    0.1108903007395893,
    0.3451777274556019,
    0.49997036654422905,
    4.63164368249596,
    0.619864636625999,
    1.3412557665398548,
    1.3392184835366652,
    0.2513211115483858,
    11.775631859722779,
    4.198822778652313,
    7.471319389785292,
    0.4140035241484097,
    0.1108903007395893,
    0.34517772745560193,
    0.49997036654422905,
    4.63164368249596,
    0.619864636625999,
    0.0,
    0.0,
    0.0,
    0.0,
    0.0,
    0.0,
    0.0,
    0.0,
    0.0,
    0.0,
    0.0,
    0.0,
    0.0,
    0.0,
    0.0,
    0.0,
    0.0,
    0.0,
    0.0,
    0.0,
    0.0,
    0.0,
    0.0,
    0.0,
    0.0,
    0.0
  ],
  "scaler_scale": [
    0.6129840100592706,
    0.5911567646509271,
    0.19173217816166943,
    3.12516609514464,
    1.3917477714492916,
    2.297624975192343,
    0.6481125898347583,
    0.04632708522941542,
    0.0849799965658579,
    0.06884273351932246,
    1.3856160961633068,
    0.6032444895157797,
    0.6129840100592706,
    0.5911567646509271,
    0.19173217816166943,
    3.125166095144644,
    1.3917477714492916,
    2.297624975192343,
    0.6481125898347584,
    0.04632708522941542,
    0.0849799965658579,
    0.06884273351932246,
    1.3856160961633068,
    0.6032444895157796,
    1.0,
    1.0,
    1.0,
    1.0,
    1.0,
    1.0,
    1.0,
    1.0,
    1.0,
    1.0,
    1.0,
    1.0,
    1.0,
    1.0,
    1.0,
    1.0,
    1.0,
    1.0,
    1.0,
    1.0,
    1.0,
    1.0,
    1.0,
    1.0,
    1.0,
    1.0
  ],
  "poisson_coef": [
    0.039352353277312464,
    -0.03843264074936749,
    0.012931448035237436,
    0.01892945086418668,
    0.026847257504545228,
    0.023501016653774597,
    0.0006281675481289917,
    0.012201348780652054,
    -0.008341679204105185,
    0.060594401577761775,
    0.0034492526062896486,
    0.022536465824299204,
    -0.017201624614982435,
    0.04107998543934236,
    -0.026589238203266502,
    -0.014245338331377687,
    -0.010731699251078503,
    -0.024972477546920478,
    -0.012309462080329228,
    -0.016606692439779556,
    -0.0097364134953667,
    -0.03678259488138364,
    -0.018203442849922227,
    -0.0079693398990756,
    0.0,
    0.0,
    0.0,
    0.0,
    0.0,
    0.0,
    0.0,
    0.0,
    0.0,
    0.0,
    0.0,
    0.0,
    0.0,
    0.0,
    0.0,
    0.0,
    0.0,
    0.0,
    0.0,
    0.0,
    0.0,
    0.0,
    0.0,
    0.0,
    0.0,
    0.0
  ],
  "poisson_intercept": 0.30713710939500893,
  "bp_c": 0.0,
  "max_goals": 10,
  "onextwo_cal": {
    "home": {
      "x": [
        0.11851387749066968,
        0.15695408147638915,
        0.17198158163564292,
        0.26222569120609024,
        0.26369555556283825,
        0.3171384069642721,
        0.3190230319687445,
        0.36069124498618677,
        0.36116801903691065,
        0.3743312513096608,
        0.3753086103612959,
        0.3754380265444865,
        0.3772457714352177,
        0.4390150758455289,
        0.43945833414229524,
        0.4593235252182502,
        0.4603865258009988,
        0.4961047366355254,
        0.49697107355937264,
        0.5166031125300355,
        0.5193915065510772,
        0.6714791484646966,
        0.6907325681652362,
        0.7040378430295294
      ],
      "y": [
        0.0,
        0.0,
        0.2222222222222222,
        0.2222222222222222,
        0.3103448275862069,
        0.3103448275862069,
        0.3333333333333333,
        0.3333333333333333,
        0.4583333333333333,
        0.4583333333333333,
        0.5,
        0.5,
        0.5882352941176471,
        0.5882352941176471,
        0.625,
        0.625,
        0.6296296296296297,
        0.6296296296296297,
        0.6923076923076923,
        0.6923076923076923,
        0.7931034482758621,
        0.7931034482758621,
        1.0,
        1.0
      ],
      "increasing": true
    },
    "draw": {
      "x": [
        0.17566758354390755,
        0.18816670121038448,
        0.19435986937204916,
        0.2452499049469788,
        0.2453561885992687,
        0.25085210734003915,
        0.25127837500996797,
        0.25243925884675766,
        0.2526300059500903,
        0.2625362890454223,
        0.26274898438013866,
        0.2655317206616167
      ],
      "y": [
        0.0,
        0.0,
        0.1411764705882353,
        0.1411764705882353,
        0.15,
        0.15,
        0.18181818181818182,
        0.18181818181818182,
        0.24489795918367346,
        0.24489795918367346,
        0.3333333333333333,
        0.3333333333333333
      ],
      "increasing": true
    },
    "away": {
      "x": [
        0.11812455961539857,
        0.18728876447804463,
        0.1918764680650059,
        0.2405464327811567,
        0.2422139133306829,
        0.2473171835947277,
        0.24758839063683477,
        0.2992624543701194,
        0.29926574347944407,
        0.31281533523309574,
        0.31324459235579394,
        0.3721194495634888,
        0.37218142363709417,
        0.37940699640798936,
        0.38017406036520257,
        0.4442255403001591,
        0.44528855585984867,
        0.45775505463656535,
        0.46298966692055243,
        0.49633863382015575,
        0.4988029074899401,
        0.6622403554553364,
        0.6790426127192999,
        0.7058185389654229
      ],
      "y": [
        0.0,
        0.0,
        0.11764705882352941,
        0.11764705882352941,
        0.14285714285714285,
        0.14285714285714285,
        0.15555555555555556,
        0.15555555555555556,
        0.16666666666666666,
        0.16666666666666666,
        0.23529411764705882,
        0.23529411764705882,
        0.3333333333333333,
        0.3333333333333333,
        0.4117647058823529,
        0.4117647058823529,
        0.45,
        0.45,
        0.5,
        0.5,
        0.6190476190476191,
        0.6190476190476191,
        1.0,
        1.0
      ],
      "increasing": true
    }
  },
  "over_cal": {
    "x": [
      0.7222900277545335,
      0.7467491319901552,
      0.746900836904161,
      0.7498614460176077,
      0.7498974506699441,
      0.7638983496602262,
      0.7643699263097716,
      0.778802140430169,
      0.7791827375516296,
      0.7983136487041919,
      0.7991705298651635,
      0.8209777770317588
    ],
    "y": [
      0.7652173913043478,
      0.7652173913043478,
      0.8421052631578947,
      0.8421052631578947,
      0.8452380952380952,
      0.8452380952380952,
      0.8571428571428571,
      0.8571428571428571,
      0.8846153846153846,
      0.8846153846153846,
      1.0,
      1.0
    ],
    "increasing": true
  },