{
  "feature_names": [
    "team_gf",
    "team_ga",
    "team_cs",
    "team_shots",
    "team_sot",
    "team_shots_in_box",
    "team_xg",
    "team_conv",
    "team_sot_pct",
    "team_poss",
    "team_corners",
    "team_cards",
    "opp_gf",
    "opp_ga",
    "opp_cs",
    "opp_shots",
    "opp_sot",
    "opp_shots_in_box",
    "opp_xg",
    "opp_conv",
    "opp_sot_pct",
    "opp_poss",
    "opp_corners",
    "opp_cards",
    "teamdrv_xg_per_shot",
    "teamdrv_sot_rate",
    "teamdrv_box_share",
    "teamdrv_save_rate",
    "teamdrv_xg_diff",
    "oppdrv_xg_per_shot",
    "oppdrv_sot_rate",
    "oppdrv_box_share",
    "oppdrv_save_rate",
    "oppdrv_xg_diff",
    "team_allowed_shots_allowed",
    "team_allowed_sot_allowed",
    "team_allowed_shots_in_box_allowed",
    "team_allowed_xga",
    "opp_allowed_shots_allowed",
    "opp_allowed_sot_allowed",
    "opp_allowed_shots_in_box_allowed",
    "opp_allowed_xga",
    "home_xgps_minus_away_sot_allow_rate",
    "away_xgps_minus_home_sot_allow_rate",
    "h_rest_days",
    "a_rest_days",
    "h_matches_14d",
    "a_matches_14d",
    "h_matches_7d",
    "a_matches_7d"
  ],
  "scaler_mean": [
    1.4086455525660777,
    1.4075772330931549,
    0.2607527934419399,
    12.450846288262694,
    4.376826522680891,
    8.149860719507096,
    0.5445753698935529,
    0.10932663936247354,
    0.3405546306279524,
    0.5003952655075181,
    5.03967928837479,
    0.3287131223462545,
    1.4086455525660777,
    1.407577233093155,
    0.2607527934419399,
    12.450846288262696,
    4.37682652268089,
    8.149860719507096,
    0.5445753698935529,
    0.10932663936247354,
    0.34055463062795227,
    0.5003952655075181,
    5.03967928837479,
    0.3287131223462545,
    0.040511000702307544,
    0.3418458988092358,
    0.628706251050923,
    0.6532371921602319,
    0.024666450459551358,
    0.04051100070230754,
    0.3418458988092358,
    0.628706251050923,
    0.6532371921602319,
    0.024666450459551348,
    12.418921914160393,
    4.35649618838764,
    8.141728409565605,
    0.5199089194340016,
    12.418921914160393,
    4.35649618838764,
    8.141728409565605,
    0.5199089194340016,
    0.0,
    0.0,
    7.035526315789474,
    7.092763157894737,
    1.7098684210526316,
    1.7098684210526316,
    0.6756578947368421,
    0.6684210526315789
  ],
  "scaler_scale": [
    0.47272070278374606,
    0.43186467757598973,
    0.1917605230285565,
    2.823586777972706,
    1.1056452486728052,
    2.593854882294566,
    0.7017866576641377,
    0.04508080342626957,
    0.08063091243204208,
    0.08734747925589348,
    1.206911464509394,
    0.28767232740361853,
    0.47272070278374606,
    0.4318646775759897,
    0.1917605230285565,
    2.823586777972706,
    1.1056452486728043,
    2.5938548822945666,
    0.7017866576641377,
    0.04508080342626957,
    0.08063091243204208,
    0.08734747925589348,
    1.206911464509394,
    0.28767232740361853,
    0.050430496079816464,
    0.06535829694382604,
    0.13793472287777403,
    0.14844747041852652,
    0.38293418664249634,
    0.050430496079816464,
    0.06535829694382604,
    0.13793472287777406,
    0.1484474704185265,
    0.3829341866424963,
    3.661372214859093,
    1.4618959353203096,
    2.518588001613536,
    0.7609831386432697,
    3.661372214859093,
    1.4618959353203096,
    2.518588001613536,
    0.7609831386432696,
    0.31642989341986366,
    0.31596739891390724,
    4.95055031357142,
    4.964341292681421,
    0.8595638328169591,
    0.8541893562736491,
    0.6097342724203563,
    0.5932094966579804
  ],
  "poisson_coef": [
    0.03471399551694078,
    -0.016923710231902,
    0.012133880592547393,
    0.025370636366875934,
    0.030887510752276852,
    0.03493116991022688,
    0.010895088532650279,
    0.021370095923991642,
    -2.0161254261320703e-05,
    0.05115796529565856,
    0.015340573295884678,
    -0.003406677133227253,
    -0.016030720588220384,
    0.012169639981597003,
    -0.015003555869248052,
    -0.015589812548305323,
    -0.014359146984695436,
    -0.02110639305464119,
    0.0047859118179259495,
    -0.009294460117401232,
    -0.0018226086151479188,
    -0.02574506558739255,
    -0.015361659017039309,
    0.004894286585911931,
    0.009786844308687037,
    -0.004426623280614546,
    0.009361026686231972,
    -0.009691015393639722,
    -0.006229856319448922,
    0.008853158831526601,
    -0.009477906403378762,
    -0.024369384214735577,
    -0.01278699530336583,
    -0.01711345060822381,
    0.03180542121715372,
    0.014796958296685056,
    0.023489470111852657,
    0.013025274601426847,
    -0.028580628267639366,
    -0.02201229636427422,
    -0.021311361987017732,
    0.01318249014919882,
    -0.02950874259889247,
    -0.033098487483934735,
    0.008643932647218484,
    0.002191070682100895,
    0.0039023882885784785,
    -0.007065889733620824,
    -0.015188988133289871,
    0.0025057087166695177
  ],
  "poisson_intercept": 0.33797382101199136,
  "bp_c": 0.0,
  "max_goals": 10,
  "onextwo_cal": {
    "home": {
      "x": [
        0.13211845201626043,
        0.14202765719360488,
        0.14207744130271902,
        0.24720337127762124,
        0.2475824496014398,
        0.2786277262646442,
        0.2794300763127312,
        0.2955952665608025,
        0.2961245318048504,
        0.3141767461764065,
        0.31511569275597384,
        0.41014996240490526,
        0.4112276083295352,
        0.5035951017590936,
        0.5042710927664606,
        0.664987072035211,
        0.6658464165290479,
        0.7783732513016163,
        0.7831845366259443,
        0.8531186969176792
      ],
      "y": [
        0.0,
        0.0,
        0.12195121951219512,
        0.12195121951219512,
        0.14285714285714285,
        0.14285714285714285,
        0.15384615384615385,
        0.15384615384615385,
        0.35714285714285715,
        0.35714285714285715,
        0.3870967741935484,
        0.3870967741935484,
        0.4772727272727273,
        0.4772727272727273,
        0.5625,
        0.5625,
        0.75,
        0.75,
        1.0,
        1.0
      ],
      "increasing": true
    },
    "draw": {
      "x": [
        0.09685218068645121,
        0.15077514980025247,
        0.15385162549031686,
        0.17121952264631482,
        0.17160197829584575,
        0.1751388403567994,
        0.1759780535691842,
        0.18147178505298547,
        0.18321368800305646,
        0.2296195159428958,
        0.2298212483295592,
        0.25568093292914346
      ],
      "y": [
        0.0,
        0.0,
        0.1111111111111111,
        0.1111111111111111,
        0.2,
        0.2,
        0.23076923076923078,
        0.23076923076923078,
        0.2361111111111111,
        0.2361111111111111,
        0.2647058823529412,
        0.2647058823529412
      ],
      "increasing": true
    },
    "away": {
      "x": [
        0.050029122395869326,
        0.0845043545245062,
        0.08726759761585079,
        0.15379921320650028,
        0.15479580360342163,
        0.17142265929118444,
        0.17366196986030194,
        0.19785584768129616,
        0.20033603886560442,
        0.22426920801181896,
        0.22471180585987927,
        0.26835427123744465,
        0.2688885448994956,
        0.34776043912358695,
        0.3495194014286011,
        0.41419018592373874,
        0.4145449994702941,
        0.45971962775891273,
        0.4613718934638012,
        0.4627329587299792,
        0.464820101410456,
        0.51553141102057,
        0.5156753666717899,
        0.5216690658549497,
        0.5237682294017137,
        0.6827837984355395,
        0.6884601936771774,
        0.6962795696878937
      ],