{
  "type": "corners_nb_totals_v1",
  "family": "nb",
  "mapping": {
    "kind": "glm",
    "home": {
      "intercept": 1.456548098290554,
      "b1": 0.9178961809275006,
      "b2": -0.321262395201011,
      "alpha": 0.001
    },
    "away": {
      "intercept": 1.6724344700892555,
      "b1": 0.491972304585823,
      "b2": -0.7261874622304375,
      "alpha": 0.01
    },
    "scale": {
      "home": 0.9999872459011265,
      "away": 1.000017811666449
    },
    "fallback_means": {
      "home": 5.2,
      "away": 4.8
    }
  },
  "mapping_kind": "glm",
  "dispersion": {
    "k_home_global": 8.51751019687729,
    "k_away_global": 6.483499874526128,
    "k_home_map": {
      "39-2021": 8.880271582396087,
      "39-2022": 8.32654355884467,
      "39-2023": 8.668729637379275
    },
    "k_away_map": {
      "39-2021": 8.000579706919805,
      "39-2022": 5.741520100117108,
      "39-2023": 6.0429189875362175
    }
  },
  "lines": {
    "totals": [
      7.5,
      8.5,
      9.5,
      10.5
    ],
    "team": [
      3.5,
      4.5
    ]
  },
  "nmax": 30,
  "rho": -0.24999999999999997,
  "tau_raw": -0.26145561385738336,
  "totals_calibration": {
    "7.5": {
      "x": [
        0.754250000003,
        0.7624500000159997,
        0.7630500002989998,
        0.7703000002579998,
        0.77035000035,
        0.7870000001279999,
        0.7870500001130001,
        0.7877500000230001,
        0.7877500003529999,
        0.8019500003590001,
        0.802350000126,
        0.893900000222
      ],
      "y": [
        0.6,
        0.6,
        0.7321428571428571,
        0.7321428571428571,
        0.7422680412371134,
        0.7422680412371134,
        0.75,
        0.75,
        0.819672131147541,
        0.819672131147541,
        0.86,
        0.86
      ]
    },
    "8.5": {
      "x": [
        0.6485500000029999,
        0.649900000009,
        0.6541500000059999,
        0.6543999999999999,
        0.6607000001790001,
        0.6610500003269999,
        0.6870500003649999,
        0.6871500003369999,
        0.689950000344,
        0.6900500002439999,
        0.7095000003590001,
        0.7097500001489999,
        0.713750000238,
        0.7153000003119999,
        0.833700000222
      ],
      "y": [
        0.0,
        0.4,
        0.4,
        0.5555555555555556,
        0.5555555555555556,
        0.6752136752136753,
        0.6752136752136753,
        0.6875,
        0.6875,
        0.7368421052631579,
        0.7368421052631579,
        0.8,
        0.8,
        0.8529411764705882,
        0.8529411764705882
      ]
    },
    "9.5": {
      "x": [
        0.5355500000069999,
        0.5454000001629998,
        0.54575,
        0.5529500001829999,
        0.553100000014,
        0.577800000023,
        0.5781000000309999,
        0.6145000002009999,
        0.61615000007,
        0.760250000222
      ],
      "y": [
        0.36363636363636365,
        0.36363636363636365,
        0.53125,
        0.53125,
        0.5797101449275361,
        0.5797101449275361,
        0.5876288659793815,
        0.5876288659793815,
        0.7575757575757576,
        0.7575757575757576
      ]
    },
    "10.5": {
      "x": [
        0.423200000003,
        0.425500000009,
        0.44175000031999995,
        0.44215000023599993,
        0.5187500001739999,
        0.518950000068,
        0.5217000002719999,
        0.5223500002489999,
        0.5867500002479998,
        0.5889000002770001,
        0.677750000222
      ],
      "y": [
        0.0,
        0.3902439024390244,
        0.3902439024390244,
        0.4775641025641026,
        0.4775641025641026,
        0.5,
        0.5,
        0.5882352941176471,
        0.5882352941176471,
        0.7142857142857143,
        0.7142857142857143
      ]
    }
  },
  "team_calibration": {
    "home": {
      "3.5": {
        "x": [
          0.4851545412441261,
          0.5083948196438157,
          0.546587830920638,
          0.555270780233644,
          0.6711140235542222,
          0.6716187582230151,
          0.6793934924160616,
          0.6794483024150627,
          0.6877990267327109,
          0.68890185207327,
          0.7153111192148333,
          0.7158824109582482,
          0.7258420152471998,
          0.7267294874292975,
          0.7520531097741644,
          0.7521812488352171,
          0.8043109334263133,
          0.8047492161018885,
          0.826015785738242,
          0.8261457819903747,
          0.8449947395143628,
          0.8451084487944951,
          0.9027415441276155,
          0.912030155712391,
          0.9549170752713725
        ],
        "y": [
          0.0,
          0.3333333333333333,
          0.3333333333333333,
          0.5789473684210527,
          0.5789473684210527,
          0.5833333333333334,
          0.5833333333333334,
          0.6,
          0.6,
          0.6046511627906976,
          0.6046511627906976,
          0.6153846153846154,
          0.6153846153846154,
          0.6511627906976745,
          0.6511627906976745,
          0.7572815533980582,
          0.7572815533980582,
          0.8148148148148148,
          0.8148148148148148,
          0.8260869565217391,
          0.8260869565217391,
          0.8333333333333334,
          0.8333333333333334,
          0.8888888888888888,
          0.8888888888888888
        ]
      },
      "4.5": {
        "x": [
          0.32552923185837995,
          0.3479734478735892,
          0.3949729637755371,
          0.39529550498005483,
          0.5423092472313372,
          0.5428308277262346,
          0.6195161901370121,
          0.6196783598446992,
          0.6528113525386956,
          0.6532365987219831,
          0.655879480138535,
          0.6560755431227432,
          0.7182186342875703,
          0.7191118535445489,
          0.7438311233504333,
          0.743992277858995,
          0.8523455562244312,
          0.8533050615210108,
          0.9141144247735175
        ],
        "y": [
          0.0,
          0.25,
          0.25,
          0.3924050632911392,
          0.3924050632911392,
          0.46938775510204084,
          0.46938775510204084,
          0.5416666666666666,
          0.5416666666666666,
          0.6,
          0.6,
          0.6582278481012658,
          0.6582278481012658,
          0.7142857142857143,
          0.7142857142857143,
          0.75,
          0.75,
          0.8,
          0.8
        ]
      }
    },
    "away": {
      "3.5": {
        "x": [
          0.2721419878686704,
          0.3735276137091595,
          0.37374767813403575,
          0.5224409681936852,
          0.5244598807398215,
          0.5250339452645173,
          0.5250698919613327,
          0.5596783637570792,
          0.5597705728829176,
          0.5626828578547257,
          0.5630371050992211,
          0.6312922972211458,
          0.631427564254519,
          0.6903436778982306,
          0.6916689695931743,
          0.7184790529586437,
          0.7193195064467391,
          0.7281904045560018,
          0.7286351660636933,
          0.7736922194852925,
          0.7746383324284332,
          0.8308102845272557
        ],
        "y": [
          0.25,
          0.25,
          0.4788732394366197,
          0.4788732394366197,
          0.5,
          0.5,
          0.5405405405405406,
          0.5405405405405406,
          0.6,
          0.6,
          0.6517857142857143,
          0.6517857142857143,
          0.6941176470588235,
          0.6941176470588235,
          0.72,
          0.72,
          0.7333333333333333,
          0.7333333333333333,
          0.8461538461538461,
          0.8461538461538461,
          0.8571428571428571,
          0.8571428571428571
        ]
      },