{
  "train_1x2_logloss_raw": 1.0113746888293436,
  "train_1x2_brier_raw": 0.6047168961754854,
  "train_1x2_logloss_cal": 1.033245594322886,
  "train_1x2_brier_cal": 0.6046466149121917,
  "train_over15_logloss_raw": 0.5521275199823908,
  "train_over15_logloss_cal": 0.555571551584598,
  "train_btts_logloss_raw": 0.6888636408373991,
  "train_btts_logloss_cal": 0.7120847438129329,
  "train_unique_mu_pairs": 4382.0,
  "train_mu_home_count": 4492.0,
  "train_mu_home_mean": 1.4497127389877769,
  "train_mu_home_std": 0.3352087670771625,
  "train_mu_home_min": 0.6758646413595538,
  "train_mu_home_25%": 1.2268799335657188,
  "train_mu_home_50%": 1.4018239524073604,
  "train_mu_home_75%": 1.6209143893029563,
  "train_mu_home_max": 3.6886113546522106,
  "train_mu_away_count": 4492.0,
  "train_mu_away_mean": 1.2913825430828818,
  "train_mu_away_std": 0.30276164307369197,
  "train_mu_away_min": 0.5610640650813651,
  "train_mu_away_25%": 1.0871229302354122,
  "train_mu_away_50%": 1.2325271887932525,
  "train_mu_away_75%": 1.4473448031958993,
  "train_mu_away_max": 3.0084627525036978,
  "train_share_mu_home_eq_intercept": 0.0,
  "train_share_mu_away_eq_intercept": 0.0,
  "train_sum_1x2_max_abs_err": 4.440892098500626e-16,
  "train_dc_identity_max_abs_err": 0.0,
  "train_ou_0.5_comp_max_abs_err": 0.0,
  "train_ou_1.5_comp_max_abs_err": 0.0,
  "train_ou_2.5_comp_max_abs_err": 0.0,
  "train_ou_3.5_comp_max_abs_err": 0.0,
  "train_ou_4.5_comp_max_abs_err": 0.0,
  "train_odd_even_comp_max_abs_err": 5.551115123125783e-16,
  "train_home_tt_0.5_comp_max_abs_err": 0.0,
  "train_away_tt_0.5_comp_max_abs_err": 0.0,
  "train_home_tt_1.5_comp_max_abs_err": 0.0,
  "train_away_tt_1.5_comp_max_abs_err": 0.0,
  "train_home_tt_2.5_comp_max_abs_err": 0.0,
  "train_away_tt_2.5_comp_max_abs_err": 0.0,
  "train_ah_home_-2_sum_max_abs_err": 1.1102230246251565e-16,
  "train_ah_home_-1.5_sum_max_abs_err": 0.0,
  "train_ah_home_-1_sum_max_abs_err": 1.1102230246251565e-16,
  "train_ah_home_-0.5_sum_max_abs_err": 0.0,
  "train_ah_home_0_sum_max_abs_err": 1.1102230246251565e-16,
  "train_ah_home_0.5_sum_max_abs_err": 0.0,
  "train_ah_home_1_sum_max_abs_err": 1.1102230246251565e-16,
  "train_ah_home_1.5_sum_max_abs_err": 0.0,
  "train_ah_home_2_sum_max_abs_err": 1.1102230246251565e-16,
  "val_1x2_logloss_raw": 0.9974444763687756,
  "val_1x2_brier_raw": 0.5949015556219936,
  "val_1x2_logloss_cal": 0.9741014455982104,
  "val_1x2_brier_cal": 0.5819426464138607,
  "val_over15_logloss_raw": 0.5162432002773372,
  "val_over15_logloss_cal": 0.5100512333388424,
  "val_btts_logloss_raw": 0.6846902832656362,
  "val_btts_logloss_cal": 0.681534032069406,
  "val_unique_mu_pairs": 1040.0,
  "val_mu_home_count": 1068.0,
  "val_mu_home_mean": 1.5074026473002984,
  "val_mu_home_std": 0.3941019934477047,
  "val_mu_home_min": 0.6984500983425463,
  "val_mu_home_25%": 1.231263881246995,
  "val_mu_home_50%": 1.443773938267691,
  "val_mu_home_75%": 1.7113335346556442,
  "val_mu_home_max": 3.413533076321863,
  "val_mu_away_count": 1068.0,
  "val_mu_away_mean": 1.3742361117448014,
  "val_mu_away_std": 0.3608487925388411,
  "val_mu_away_min": 0.6661007333517516,
  "val_mu_away_25%": 1.1278921106155573,
  "val_mu_away_50%": 1.3117011602533097,
  "val_mu_away_75%": 1.5693805116103516,
  "val_mu_away_max": 2.972791427087258,
  "val_share_mu_home_eq_intercept": 0.0,
  "val_share_mu_away_eq_intercept": 0.0,
  "val_sum_1x2_max_abs_err": 4.440892098500626e-16,
  "val_dc_identity_max_abs_err": 0.0,
  "val_ou_0.5_comp_max_abs_err": 0.0,
  "val_ou_1.5_comp_max_abs_err": 0.0,
  "val_ou_2.5_comp_max_abs_err": 0.0,
  "val_ou_3.5_comp_max_abs_err": 0.0,
  "val_ou_4.5_comp_max_abs_err": 0.0,
  "val_odd_even_comp_max_abs_err": 4.440892098500626e-16,
  "val_home_tt_0.5_comp_max_abs_err": 0.0,
  "val_away_tt_0.5_comp_max_abs_err": 0.0,
  "val_home_tt_1.5_comp_max_abs_err": 0.0,
  "val_away_tt_1.5_comp_max_abs_err": 0.0,
  "val_home_tt_2.5_comp_max_abs_err": 0.0,
  "val_away_tt_2.5_comp_max_abs_err": 0.0,
  "val_ah_home_-2_sum_max_abs_err": 1.1102230246251565e-16,
  "val_ah_home_-1.5_sum_max_abs_err": 0.0,
  "val_ah_home_-1_sum_max_abs_err": 1.1102230246251565e-16,
  "val_ah_home_-0.5_sum_max_abs_err": 0.0,
  "val_ah_home_0_sum_max_abs_err": 1.1102230246251565e-16,
  "val_ah_home_0.5_sum_max_abs_err": 0.0,
  "val_ah_home_1_sum_max_abs_err": 1.1102230246251565e-16,
  "val_ah_home_1.5_sum_max_abs_err": 0.0,
  "val_ah_home_2_sum_max_abs_err": 1.1102230246251565e-16,
  "test_1x2_logloss_raw": 1.033603310435729,
  "test_1x2_brier_raw": 0.6201832791223987,
  "test_1x2_logloss_cal": 1.020033624085475,
  "test_1x2_brier_cal": 0.6111788484687184,
  "test_over15_logloss_raw": 0.6058359470723266,
  "test_over15_logloss_cal": 0.6058944860910371,
  "test_btts_logloss_raw": 0.6953280839209673,
  "test_btts_logloss_cal": 0.6993917626810909,
  "test_unique_mu_pairs": 87.0,
  "test_mu_home_count": 115.0,
  "test_mu_home_mean": 1.3436868863887137,
  "test_mu_home_std": 0.31082771515266655,
  "test_mu_home_min": 0.6141936638612268,
  "test_mu_home_25%": 1.2004353956895684,
  "test_mu_home_50%": 1.23138358732836,
  "test_mu_home_75%": 1.4791101642075262,
  "test_mu_home_max": 2.2890742508988384,
  "test_mu_away_count": 115.0,
  "test_mu_away_mean": 1.3514429871088818,
  "test_mu_away_std": 0.27588160595780326,
  "test_mu_away_min": 0.6505840233854434,
  "test_mu_away_25%": 1.2310198891994162,
  "test_mu_away_50%": 1.23138358732836,
  "test_mu_away_75%": 1.5076116072903045,
  "test_mu_away_max": 2.1511124574859837,
  "test_share_mu_home_eq_intercept": 0.0,
  "test_share_mu_away_eq_intercept": 0.0,
  "test_sum_1x2_max_abs_err": 4.440892098500626e-16,
  "test_dc_identity_max_abs_err": 0.0,
  "test_ou_0.5_comp_max_abs_err": 0.0,
  "test_ou_1.5_comp_max_abs_err": 0.0,
  "test_ou_2.5_comp_max_abs_err": 0.0,
  "test_ou_3.5_comp_max_abs_err": 0.0,
  "test_ou_4.5_comp_max_abs_err": 0.0,
  "test_odd_even_comp_max_abs_err": 4.440892098500626e-16,
  "test_home_tt_0.5_comp_max_abs_err": 0.0,
  "test_away_tt_0.5_comp_max_abs_err": 0.0,
  "test_home_tt_1.5_comp_max_abs_err": 0.0,
  "test_away_tt_1.5_comp_max_abs_err": 0.0,
  "test_home_tt_2.5_comp_max_abs_err": 0.0,
  "test_away_tt_2.5_comp_max_abs_err": 0.0,
  "test_ah_home_-2_sum_max_abs_err": 1.1102230246251565e-16,
  "test_ah_home_-1.5_sum_max_abs_err": 0.0,
  "test_ah_home_-1_sum_max_abs_err": 1.1102230246251565e-16,
  "test_ah_home_-0.5_sum_max_abs_err": 0.0,
  "test_ah_home_0_sum_max_abs_err": 1.1102230246251565e-16,
  "test_ah_home_0.5_sum_max_abs_err": 0.0,
  "test_ah_home_1_sum_max_abs_err": 1.1102230246251565e-16,
  "test_ah_home_1.5_sum_max_abs_err": 0.0,
  "test_ah_home_2_sum_max_abs_err": 0.0
}